pod_id,cluster_name,container_name,instance_id,startTime,endTime,doubleValue
190b2fae-d2d1-11e9-a58a-42010a8000c0,load-test,,3962380509873542383,2019-09-09T07:12:17Z,2019-09-09T12:46:00Z,20028.041
190b2fae-d2d1-11e9-a58a-42010a8000c0,load-test,,3962380509873542383,2019-09-09T07:12:17Z,2019-09-09T12:44:00Z,19908.14
190b2fae-d2d1-11e9-a58a-42010a8000c0,load-test,,3962380509873542383,2019-09-09T07:12:17Z,2019-09-09T12:42:00Z,19788.144
190b2fae-d2d1-11e9-a58a-42010a8000c0,load-test,,3962380509873542383,2019-09-09T07:12:17Z,2019-09-09T12:40:00Z,19668.04
190b2fae-d2d1-11e9-a58a-42010a8000c0,load-test,,3962380509873542383,2019-09-09T07:12:17Z,2019-09-09T12:38:00Z,19548.339
190b2fae-d2d1-11e9-a58a-42010a8000c0,load-test,,3962380509873542383,2019-09-09T07:12:17Z,2019-09-09T12:36:00Z,19428.241
190b2fae-d2d1-11e9-a58a-42010a8000c0,load-test,,3962380509873542383,2019-09-09T07:12:17Z,2019-09-09T12:34:00Z,19308.24
190b2fae-d2d1-11e9-a58a-42010a8000c0,load-test,,3962380509873542383,2019-09-09T07:12:17Z,2019-09-09T12:32:00Z,19188.14
190b2fae-d2d1-11e9-a58a-42010a8000c0,load-test,,3962380509873542383,2019-09-09T07:12:17Z,2019-09-09T12:30:00Z,19068.24
190b2fae-d2d1-11e9-a58a-42010a8000c0,load-test,,3962380509873542383,2019-09-09T07:12:17Z,2019-09-09T12:28:00Z,18948.144
190b2fae-d2d1-11e9-a58a-42010a8000c0,load-test,,3962380509873542383,2019-09-09T07:12:17Z,2019-09-09T12:26:00Z,18828.148
190b2fae-d2d1-11e9-a58a-42010a8000c0,load-test,,3962380509873542383,2019-09-09T07:12:17Z,2019-09-09T12:24:00Z,18708.24
190b2fae-d2d1-11e9-a58a-42010a8000c0,load-test,,3962380509873542383,2019-09-09T07:12:17Z,2019-09-09T12:22:00Z,18588.141
190b2fae-d2d1-11e9-a58a-42010a8000c0,load-test,,3962380509873542383,2019-09-09T07:12:17Z,2019-09-09T12:20:00Z,18468.147
190b2fae-d2d1-11e9-a58a-42010a8000c0,load-test,,3962380509873542383,2019-09-09T07:12:17Z,2019-09-09T12:18:00Z,18348.249
190b2fae-d2d1-11e9-a58a-42010a8000c0,load-test,,3962380509873542383,2019-09-09T07:12:17Z,2019-09-09T12:16:00Z,18228.239
190b2fae-d2d1-11e9-a58a-42010a8000c0,load-test,,3962380509873542383,2019-09-09T07:12:17Z,2019-09-09T12:14:00Z,18108.246
190b2fae-d2d1-11e9-a58a-42010a8000c0,load-test,,3962380509873542383,2019-09-09T07:12:17Z,2019-09-09T12:12:00Z,17988.142
190b2fae-d2d1-11e9-a58a-42010a8000c0,load-test,,3962380509873542383,2019-09-09T07:12:17Z,2019-09-09T12:10:00Z,17868.04
190b2fae-d2d1-11e9-a58a-42010a8000c0,load-test,,3962380509873542383,2019-09-09T07:12:17Z,2019-09-09T12:08:00Z,17748.241
190b2fae-d2d1-11e9-a58a-42010a8000c0,load-test,,3962380509873542383,2019-09-09T07:12:17Z,2019-09-09T12:06:00Z,17628.055
190b2fae-d2d1-11e9-a58a-42010a8000c0,load-test,,3962380509873542383,2019-09-09T07:12:17Z,2019-09-09T12:04:00Z,17508.241
190b2fae-d2d1-11e9-a58a-42010a8000c0,load-test,,3962380509873542383,2019-09-09T07:12:17Z,2019-09-09T12:02:00Z,17388.042
190b2fae-d2d1-11e9-a58a-42010a8000c0,load-test,,3962380509873542383,2019-09-09T07:12:17Z,2019-09-09T12:00:00Z,17268.345
190b2fae-d2d1-11e9-a58a-42010a8000c0,load-test,,3962380509873542383,2019-09-09T07:12:17Z,2019-09-09T11:58:00Z,17149.139
190b2fae-d2d1-11e9-a58a-42010a8000c0,load-test,,3962380509873542383,2019-09-09T07:12:17Z,2019-09-09T11:56:00Z,17028.115
190b2fae-d2d1-11e9-a58a-42010a8000c0,load-test,,3962380509873542383,2019-09-09T07:12:17Z,2019-09-09T11:54:00Z,16908.014
190b2fae-d2d1-11e9-a58a-42010a8000c0,load-test,,3962380509873542383,2019-09-09T07:12:17Z,2019-09-09T11:52:00Z,16788.04
190b2fae-d2d1-11e9-a58a-42010a8000c0,load-test,,3962380509873542383,2019-09-09T07:12:17Z,2019-09-09T11:50:00Z,16668.045
190b2fae-d2d1-11e9-a58a-42010a8000c0,load-test,,3962380509873542383,2019-09-09T07:12:17Z,2019-09-09T11:48:00Z,16548.14
190b2fae-d2d1-11e9-a58a-42010a8000c0,load-test,,3962380509873542383,2019-09-09T07:12:17Z,2019-09-09T11:46:00Z,16428.343
190b2fae-d2d1-11e9-a58a-42010a8000c0,load-test,,3962380509873542383,2019-09-09T07:12:17Z,2019-09-09T11:44:00Z,16308.239
190b2fae-d2d1-11e9-a58a-42010a8000c0,load-test,,3962380509873542383,2019-09-09T07:12:17Z,2019-09-09T11:42:00Z,16188.04
190b2fae-d2d1-11e9-a58a-42010a8000c0,load-test,,3962380509873542383,2019-09-09T07:12:17Z,2019-09-09T11:40:00Z,16068.24
190b2fae-d2d1-11e9-a58a-42010a8000c0,load-test,,3962380509873542383,2019-09-09T07:12:17Z,2019-09-09T11:38:00Z,15948.04
190b2fae-d2d1-11e9-a58a-42010a8000c0,load-test,,3962380509873542383,2019-09-09T07:12:17Z,2019-09-09T11:36:00Z,15828.24
190b2fae-d2d1-11e9-a58a-42010a8000c0,load-test,,3962380509873542383,2019-09-09T07:12:17Z,2019-09-09T11:34:00Z,15708.146
190b2fae-d2d1-11e9-a58a-42010a8000c0,load-test,,3962380509873542383,2019-09-09T07:12:17Z,2019-09-09T11:32:00Z,15588.143
190b2fae-d2d1-11e9-a58a-42010a8000c0,load-test,springboot-app,3962380509873542383,2019-09-09T07:12:18Z,2019-09-09T12:46:00Z,20027.041
190b2fae-d2d1-11e9-a58a-42010a8000c0,load-test,springboot-app,3962380509873542383,2019-09-09T07:12:18Z,2019-09-09T12:44:00Z,19907.142
190b2fae-d2d1-11e9-a58a-42010a8000c0,load-test,springboot-app,3962380509873542383,2019-09-09T07:12:18Z,2019-09-09T12:42:00Z,19787.144
190b2fae-d2d1-11e9-a58a-42010a8000c0,load-test,springboot-app,3962380509873542383,2019-09-09T07:12:18Z,2019-09-09T12:40:00Z,19667.041
190b2fae-d2d1-11e9-a58a-42010a8000c0,load-test,springboot-app,3962380509873542383,2019-09-09T07:12:18Z,2019-09-09T12:38:00Z,19547.339
190b2fae-d2d1-11e9-a58a-42010a8000c0,load-test,springboot-app,3962380509873542383,2019-09-09T07:12:18Z,2019-09-09T12:36:00Z,19427.241
190b2fae-d2d1-11e9-a58a-42010a8000c0,load-test,springboot-app,3962380509873542383,2019-09-09T07:12:18Z,2019-09-09T12:34:00Z,19307.24
190b2fae-d2d1-11e9-a58a-42010a8000c0,load-test,springboot-app,3962380509873542383,2019-09-09T07:12:18Z,2019-09-09T12:32:00Z,19187.14
190b2fae-d2d1-11e9-a58a-42010a8000c0,load-test,springboot-app,3962380509873542383,2019-09-09T07:12:18Z,2019-09-09T12:30:00Z,19067.24
190b2fae-d2d1-11e9-a58a-42010a8000c0,load-test,springboot-app,3962380509873542383,2019-09-09T07:12:18Z,2019-09-09T12:28:00Z,18947.144
190b2fae-d2d1-11e9-a58a-42010a8000c0,load-test,springboot-app,3962380509873542383,2019-09-09T07:12:18Z,2019-09-09T12:26:00Z,18827.148
190b2fae-d2d1-11e9-a58a-42010a8000c0,load-test,springboot-app,3962380509873542383,2019-09-09T07:12:18Z,2019-09-09T12:24:00Z,18707.24
190b2fae-d2d1-11e9-a58a-42010a8000c0,load-test,springboot-app,3962380509873542383,2019-09-09T07:12:18Z,2019-09-09T12:22:00Z,18587.141
190b2fae-d2d1-11e9-a58a-42010a8000c0,load-test,springboot-app,3962380509873542383,2019-09-09T07:12:18Z,2019-09-09T12:20:00Z,18467.147
190b2fae-d2d1-11e9-a58a-42010a8000c0,load-test,springboot-app,3962380509873542383,2019-09-09T07:12:18Z,2019-09-09T12:18:00Z,18347.249
190b2fae-d2d1-11e9-a58a-42010a8000c0,load-test,springboot-app,3962380509873542383,2019-09-09T07:12:18Z,2019-09-09T12:16:00Z,18227.24
190b2fae-d2d1-11e9-a58a-42010a8000c0,load-test,springboot-app,3962380509873542383,2019-09-09T07:12:18Z,2019-09-09T12:14:00Z,18107.246
190b2fae-d2d1-11e9-a58a-42010a8000c0,load-test,springboot-app,3962380509873542383,2019-09-09T07:12:18Z,2019-09-09T12:12:00Z,17987.142
190b2fae-d2d1-11e9-a58a-42010a8000c0,load-test,springboot-app,3962380509873542383,2019-09-09T07:12:18Z,2019-09-09T12:10:00Z,17867.04
190b2fae-d2d1-11e9-a58a-42010a8000c0,load-test,springboot-app,3962380509873542383,2019-09-09T07:12:18Z,2019-09-09T12:08:00Z,17747.241
190b2fae-d2d1-11e9-a58a-42010a8000c0,load-test,springboot-app,3962380509873542383,2019-09-09T07:12:18Z,2019-09-09T12:06:00Z,17627.055
190b2fae-d2d1-11e9-a58a-42010a8000c0,load-test,springboot-app,3962380509873542383,2019-09-09T07:12:18Z,2019-09-09T12:04:00Z,17507.241
190b2fae-d2d1-11e9-a58a-42010a8000c0,load-test,springboot-app,3962380509873542383,2019-09-09T07:12:18Z,2019-09-09T12:02:00Z,17387.042
190b2fae-d2d1-11e9-a58a-42010a8000c0,load-test,springboot-app,3962380509873542383,2019-09-09T07:12:18Z,2019-09-09T12:00:00Z,17267.345
190b2fae-d2d1-11e9-a58a-42010a8000c0,load-test,springboot-app,3962380509873542383,2019-09-09T07:12:18Z,2019-09-09T11:58:00Z,17148.139
190b2fae-d2d1-11e9-a58a-42010a8000c0,load-test,springboot-app,3962380509873542383,2019-09-09T07:12:18Z,2019-09-09T11:56:00Z,17027.115
190b2fae-d2d1-11e9-a58a-42010a8000c0,load-test,springboot-app,3962380509873542383,2019-09-09T07:12:18Z,2019-09-09T11:54:00Z,16907.014
190b2fae-d2d1-11e9-a58a-42010a8000c0,load-test,springboot-app,3962380509873542383,2019-09-09T07:12:18Z,2019-09-09T11:52:00Z,16787.04
190b2fae-d2d1-11e9-a58a-42010a8000c0,load-test,springboot-app,3962380509873542383,2019-09-09T07:12:18Z,2019-09-09T11:50:00Z,16667.045
190b2fae-d2d1-11e9-a58a-42010a8000c0,load-test,springboot-app,3962380509873542383,2019-09-09T07:12:18Z,2019-09-09T11:48:00Z,16547.14
190b2fae-d2d1-11e9-a58a-42010a8000c0,load-test,springboot-app,3962380509873542383,2019-09-09T07:12:18Z,2019-09-09T11:46:00Z,16427.343
190b2fae-d2d1-11e9-a58a-42010a8000c0,load-test,springboot-app,3962380509873542383,2019-09-09T07:12:18Z,2019-09-09T11:44:00Z,16307.24
190b2fae-d2d1-11e9-a58a-42010a8000c0,load-test,springboot-app,3962380509873542383,2019-09-09T07:12:18Z,2019-09-09T11:42:00Z,16187.04
190b2fae-d2d1-11e9-a58a-42010a8000c0,load-test,springboot-app,3962380509873542383,2019-09-09T07:12:18Z,2019-09-09T11:40:00Z,16067.24
190b2fae-d2d1-11e9-a58a-42010a8000c0,load-test,springboot-app,3962380509873542383,2019-09-09T07:12:18Z,2019-09-09T11:38:00Z,15947.04
190b2fae-d2d1-11e9-a58a-42010a8000c0,load-test,springboot-app,3962380509873542383,2019-09-09T07:12:18Z,2019-09-09T11:36:00Z,15827.24
190b2fae-d2d1-11e9-a58a-42010a8000c0,load-test,springboot-app,3962380509873542383,2019-09-09T07:12:18Z,2019-09-09T11:34:00Z,15707.146
190b2fae-d2d1-11e9-a58a-42010a8000c0,load-test,springboot-app,3962380509873542383,2019-09-09T07:12:18Z,2019-09-09T11:32:00Z,15587.143
